[{"model": "category.category", "pk": 1, "fields": {"category_name": "Shirts", "slug": "shirt", "description": "This is a test", "cat_image": "photos/categories/shirts_TIgpG7e.jpg"}}, {"model": "category.category", "pk": 2, "fields": {"category_name": "T Shirts", "slug": "t-shirts", "description": "T shirts", "cat_image": "photos/categories/tshirts.jpg"}}, {"model": "category.category", "pk": 3, "fields": {"category_name": "Jeans", "slug": "jeans", "description": "this is jeans", "cat_image": "photos/categories/jeans.jpg"}}, {"model": "category.category", "pk": 4, "fields": {"category_name": "Shoes", "slug": "shoes", "description": "this are shoes", "cat_image": "photos/categories/shoes.png"}}, {"model": "category.category", "pk": 5, "fields": {"category_name": "Jackets", "slug": "jackets", "description": "this are jackets", "cat_image": "photos/categories/jackets.jpg"}}, {"model": "admin.logentry", "pk": 1, "fields": {"action_time": "2022-04-14T04:01:14.176Z", "user": 1, "content_type": 2, "object_id": "1", "object_repr": "Shirts", "action_flag": 1, "change_message": "[{\"added\": {}}]"}}, {"model": "admin.logentry", "pk": 2, "fields": {"action_time": "2022-04-14T04:09:42.238Z", "user": 1, "content_type": 2, "object_id": "2", "object_repr": "T Shirts", "action_flag": 1, "change_message": "[{\"added\": {}}]"}}, {"model": "admin.logentry", "pk": 3, "fields": {"action_time": "2022-04-14T04:10:12.823Z", "user": 1, "content_type": 2, "object_id": "3", "object_repr": "Jeans", "action_flag": 1, "change_message": "[{\"added\": {}}]"}}, {"model": "admin.logentry", "pk": 4, "fields": {"action_time": "2022-04-14T04:10:34.360Z", "user": 1, "content_type": 2, "object_id": "4", "object_repr": "Shoes", "action_flag": 1, "change_message": "[{\"added\": {}}]"}}, {"model": "admin.logentry", "pk": 5, "fields": {"action_time": "2022-04-14T04:10:54.872Z", "user": 1, "content_type": 2, "object_id": "5", "object_repr": "Jackets", "action_flag": 1, "change_message": "[{\"added\": {}}]"}}, {"model": "admin.logentry", "pk": 6, "fields": {"action_time": "2022-04-14T05:41:36.985Z", "user": 1, "content_type": 8, "object_id": "1", "object_repr": "ATX-Jeans", "action_flag": 1, "change_message": "[{\"added\": {}}]"}}, {"model": "admin.logentry", "pk": 7, "fields": {"action_time": "2022-04-14T05:42:34.760Z", "user": 1, "content_type": 8, "object_id": "2", "object_repr": "Blue-Shirt", "action_flag": 1, "change_message": "[{\"added\": {}}]"}}, {"model": "admin.logentry", "pk": 8, "fields": {"action_time": "2022-04-14T05:43:31.216Z", "user": 1, "content_type": 8, "object_id": "3", "object_repr": "Great-Tshirt", "action_flag": 1, "change_message": "[{\"added\": {}}]"}}, {"model": "admin.logentry", "pk": 9, "fields": {"action_time": "2022-04-14T05:44:31.850Z", "user": 1, "content_type": 8, "object_id": "4", "object_repr": "jordan-true-flight-basketball-shoes", "action_flag": 1, "change_message": "[{\"added\": {}}]"}}, {"model": "admin.logentry", "pk": 10, "fields": {"action_time": "2022-04-14T05:45:19.804Z", "user": 1, "content_type": 8, "object_id": "5", "object_repr": "Puma-Ferrari-Shoes", "action_flag": 1, "change_message": "[{\"added\": {}}]"}}, {"model": "admin.logentry", "pk": 11, "fields": {"action_time": "2022-04-14T05:45:53.858Z", "user": 1, "content_type": 8, "object_id": "6", "object_repr": "US-Polo-Assn_Jacket", "action_flag": 1, "change_message": "[{\"added\": {}}]"}}, {"model": "admin.logentry", "pk": 12, "fields": {"action_time": "2022-04-14T05:46:39.058Z", "user": 1, "content_type": 8, "object_id": "7", "object_repr": "Wrangler-Shirt", "action_flag": 1, "change_message": "[{\"added\": {}}]"}}, {"model": "admin.logentry", "pk": 13, "fields": {"action_time": "2022-04-14T08:10:38.288Z", "user": 1, "content_type": 8, "object_id": "7", "object_repr": "Wrangler-Shirt", "action_flag": 2, "change_message": "[{\"changed\": {\"fields\": [\"Price\"]}}]"}}, {"model": "admin.logentry", "pk": 14, "fields": {"action_time": "2022-04-14T08:11:25.638Z", "user": 1, "content_type": 8, "object_id": "7", "object_repr": "Wrangler-Shirt", "action_flag": 2, "change_message": "[{\"changed\": {\"fields\": [\"Price\", \"Stock\"]}}]"}}, {"model": "admin.logentry", "pk": 15, "fields": {"action_time": "2022-04-16T02:58:39.173Z", "user": 1, "content_type": 11, "object_id": "1", "object_repr": "Variation object (1)", "action_flag": 1, "change_message": "[{\"added\": {}}]"}}, {"model": "admin.logentry", "pk": 16, "fields": {"action_time": "2022-04-16T03:25:09.006Z", "user": 1, "content_type": 11, "object_id": "2", "object_repr": "Variation object (2)", "action_flag": 1, "change_message": "[{\"added\": {}}]"}}, {"model": "admin.logentry", "pk": 17, "fields": {"action_time": "2022-04-16T03:25:19.773Z", "user": 1, "content_type": 11, "object_id": "3", "object_repr": "Variation object (3)", "action_flag": 1, "change_message": "[{\"added\": {}}]"}}, {"model": "admin.logentry", "pk": 18, "fields": {"action_time": "2022-04-16T03:25:47.147Z", "user": 1, "content_type": 11, "object_id": "4", "object_repr": "Variation object (4)", "action_flag": 1, "change_message": "[{\"added\": {}}]"}}, {"model": "admin.logentry", "pk": 19, "fields": {"action_time": "2022-04-16T03:25:57.716Z", "user": 1, "content_type": 11, "object_id": "5", "object_repr": "Variation object (5)", "action_flag": 1, "change_message": "[{\"added\": {}}]"}}, {"model": "admin.logentry", "pk": 20, "fields": {"action_time": "2022-04-18T11:10:38.565Z", "user": 1, "content_type": 11, "object_id": "6", "object_repr": "Red", "action_flag": 1, "change_message": "[{\"added\": {}}]"}}, {"model": "admin.logentry", "pk": 21, "fields": {"action_time": "2022-04-18T11:10:52.343Z", "user": 1, "content_type": 11, "object_id": "7", "object_repr": "Small", "action_flag": 1, "change_message": "[{\"added\": {}}]"}}, {"model": "admin.logentry", "pk": 22, "fields": {"action_time": "2022-04-18T11:11:04.914Z", "user": 1, "content_type": 11, "object_id": "8", "object_repr": "Large", "action_flag": 1, "change_message": "[{\"added\": {}}]"}}, {"model": "admin.logentry", "pk": 23, "fields": {"action_time": "2022-04-18T11:11:20.472Z", "user": 1, "content_type": 11, "object_id": "9", "object_repr": "Blue", "action_flag": 1, "change_message": "[{\"added\": {}}]"}}, {"model": "admin.logentry", "pk": 24, "fields": {"action_time": "2022-04-18T11:18:43.635Z", "user": 1, "content_type": 9, "object_id": "11", "object_repr": "CartItem object (11)", "action_flag": 3, "change_message": ""}}, {"model": "admin.logentry", "pk": 25, "fields": {"action_time": "2022-04-18T11:38:42.816Z", "user": 1, "content_type": 11, "object_id": "9", "object_repr": "Blue", "action_flag": 3, "change_message": ""}}, {"model": "admin.logentry", "pk": 26, "fields": {"action_time": "2022-04-18T11:39:05.223Z", "user": 1, "content_type": 11, "object_id": "8", "object_repr": "Large", "action_flag": 3, "change_message": ""}}, {"model": "admin.logentry", "pk": 27, "fields": {"action_time": "2022-04-18T11:39:05.227Z", "user": 1, "content_type": 11, "object_id": "7", "object_repr": "Small", "action_flag": 3, "change_message": ""}}, {"model": "admin.logentry", "pk": 28, "fields": {"action_time": "2022-04-18T11:39:05.230Z", "user": 1, "content_type": 11, "object_id": "6", "object_repr": "Red", "action_flag": 3, "change_message": ""}}, {"model": "admin.logentry", "pk": 29, "fields": {"action_time": "2022-04-18T11:39:19.171Z", "user": 1, "content_type": 11, "object_id": "10", "object_repr": "red", "action_flag": 1, "change_message": "[{\"added\": {}}]"}}, {"model": "admin.logentry", "pk": 30, "fields": {"action_time": "2022-04-18T11:39:34.393Z", "user": 1, "content_type": 11, "object_id": "11", "object_repr": "blue", "action_flag": 1, "change_message": "[{\"added\": {}}]"}}, {"model": "admin.logentry", "pk": 31, "fields": {"action_time": "2022-04-18T11:39:47.132Z", "user": 1, "content_type": 11, "object_id": "12", "object_repr": "green", "action_flag": 1, "change_message": "[{\"added\": {}}]"}}, {"model": "admin.logentry", "pk": 32, "fields": {"action_time": "2022-04-18T11:39:58.366Z", "user": 1, "content_type": 11, "object_id": "13", "object_repr": "small", "action_flag": 1, "change_message": "[{\"added\": {}}]"}}, {"model": "admin.logentry", "pk": 33, "fields": {"action_time": "2022-04-18T11:40:08.643Z", "user": 1, "content_type": 11, "object_id": "14", "object_repr": "large", "action_flag": 1, "change_message": "[{\"added\": {}}]"}}, {"model": "admin.logentry", "pk": 34, "fields": {"action_time": "2022-04-18T14:56:22.908Z", "user": 1, "content_type": 11, "object_id": "14", "object_repr": "large", "action_flag": 3, "change_message": ""}}, {"model": "admin.logentry", "pk": 35, "fields": {"action_time": "2022-04-18T14:56:22.916Z", "user": 1, "content_type": 11, "object_id": "13", "object_repr": "small", "action_flag": 3, "change_message": ""}}, {"model": "admin.logentry", "pk": 36, "fields": {"action_time": "2022-04-18T14:56:22.918Z", "user": 1, "content_type": 11, "object_id": "12", "object_repr": "green", "action_flag": 3, "change_message": ""}}, {"model": "admin.logentry", "pk": 37, "fields": {"action_time": "2022-04-18T14:56:22.921Z", "user": 1, "content_type": 11, "object_id": "11", "object_repr": "blue", "action_flag": 3, "change_message": ""}}, {"model": "admin.logentry", "pk": 38, "fields": {"action_time": "2022-04-18T14:56:22.924Z", "user": 1, "content_type": 11, "object_id": "10", "object_repr": "red", "action_flag": 3, "change_message": ""}}, {"model": "admin.logentry", "pk": 39, "fields": {"action_time": "2022-04-18T14:56:22.926Z", "user": 1, "content_type": 11, "object_id": "5", "object_repr": "Large", "action_flag": 3, "change_message": ""}}, {"model": "admin.logentry", "pk": 40, "fields": {"action_time": "2022-04-18T14:56:22.930Z", "user": 1, "content_type": 11, "object_id": "4", "object_repr": "Small", "action_flag": 3, "change_message": ""}}, {"model": "admin.logentry", "pk": 41, "fields": {"action_time": "2022-04-18T14:56:22.932Z", "user": 1, "content_type": 11, "object_id": "3", "object_repr": "red", "action_flag": 3, "change_message": ""}}, {"model": "admin.logentry", "pk": 42, "fields": {"action_time": "2022-04-18T14:56:22.934Z", "user": 1, "content_type": 11, "object_id": "2", "object_repr": "white", "action_flag": 3, "change_message": ""}}, {"model": "admin.logentry", "pk": 43, "fields": {"action_time": "2022-04-18T14:56:22.937Z", "user": 1, "content_type": 11, "object_id": "1", "object_repr": "Blue", "action_flag": 3, "change_message": ""}}, {"model": "admin.logentry", "pk": 44, "fields": {"action_time": "2022-04-18T15:05:05.629Z", "user": 1, "content_type": 11, "object_id": "15", "object_repr": "Blue", "action_flag": 1, "change_message": "[{\"added\": {}}]"}}, {"model": "admin.logentry", "pk": 45, "fields": {"action_time": "2022-04-18T15:05:16.110Z", "user": 1, "content_type": 11, "object_id": "16", "object_repr": "Large", "action_flag": 1, "change_message": "[{\"added\": {}}]"}}, {"model": "admin.logentry", "pk": 46, "fields": {"action_time": "2022-04-18T15:05:24.048Z", "user": 1, "content_type": 11, "object_id": "17", "object_repr": "Small", "action_flag": 1, "change_message": "[{\"added\": {}}]"}}, {"model": "admin.logentry", "pk": 47, "fields": {"action_time": "2022-04-18T15:05:35.308Z", "user": 1, "content_type": 11, "object_id": "18", "object_repr": "Green", "action_flag": 1, "change_message": "[{\"added\": {}}]"}}, {"model": "admin.logentry", "pk": 48, "fields": {"action_time": "2022-04-18T15:22:56.934Z", "user": 1, "content_type": 11, "object_id": "18", "object_repr": "Green", "action_flag": 3, "change_message": ""}}, {"model": "admin.logentry", "pk": 49, "fields": {"action_time": "2022-04-18T15:22:56.939Z", "user": 1, "content_type": 11, "object_id": "17", "object_repr": "Small", "action_flag": 3, "change_message": ""}}, {"model": "admin.logentry", "pk": 50, "fields": {"action_time": "2022-04-18T15:22:56.943Z", "user": 1, "content_type": 11, "object_id": "16", "object_repr": "Large", "action_flag": 3, "change_message": ""}}, {"model": "admin.logentry", "pk": 51, "fields": {"action_time": "2022-04-18T15:22:56.945Z", "user": 1, "content_type": 11, "object_id": "15", "object_repr": "Blue", "action_flag": 3, "change_message": ""}}, {"model": "admin.logentry", "pk": 52, "fields": {"action_time": "2022-04-18T15:23:05.730Z", "user": 1, "content_type": 9, "object_id": "8", "object_repr": "CartItem object (8)", "action_flag": 3, "change_message": ""}}, {"model": "admin.logentry", "pk": 53, "fields": {"action_time": "2022-04-18T15:23:22.168Z", "user": 1, "content_type": 11, "object_id": "19", "object_repr": "Blue", "action_flag": 1, "change_message": "[{\"added\": {}}]"}}, {"model": "admin.logentry", "pk": 54, "fields": {"action_time": "2022-04-18T15:23:36.007Z", "user": 1, "content_type": 11, "object_id": "20", "object_repr": "Green", "action_flag": 1, "change_message": "[{\"added\": {}}]"}}, {"model": "admin.logentry", "pk": 55, "fields": {"action_time": "2022-04-18T15:23:43.238Z", "user": 1, "content_type": 11, "object_id": "21", "object_repr": "Large", "action_flag": 1, "change_message": "[{\"added\": {}}]"}}, {"model": "admin.logentry", "pk": 56, "fields": {"action_time": "2022-04-18T15:23:51.671Z", "user": 1, "content_type": 11, "object_id": "22", "object_repr": "Small", "action_flag": 1, "change_message": "[{\"added\": {}}]"}}, {"model": "admin.logentry", "pk": 57, "fields": {"action_time": "2022-04-18T15:37:35.926Z", "user": 1, "content_type": 9, "object_id": "19", "object_repr": "CartItem object (19)", "action_flag": 3, "change_message": ""}}, {"model": "admin.logentry", "pk": 58, "fields": {"action_time": "2022-04-18T16:19:33.614Z", "user": 1, "content_type": 11, "object_id": "23", "object_repr": "Large", "action_flag": 1, "change_message": "[{\"added\": {}}]"}}, {"model": "admin.logentry", "pk": 59, "fields": {"action_time": "2022-04-19T03:01:13.677Z", "user": 1, "content_type": 1, "object_id": "11", "object_repr": "abc@gmail.com", "action_flag": 2, "change_message": "[{\"changed\": {\"fields\": [\"Is active\"]}}]"}}, {"model": "admin.logentry", "pk": 60, "fields": {"action_time": "2022-04-19T03:02:05.903Z", "user": 1, "content_type": 1, "object_id": "11", "object_repr": "abc@gmail.com", "action_flag": 2, "change_message": "[{\"changed\": {\"fields\": [\"Is admin\"]}}]"}}, {"model": "admin.logentry", "pk": 61, "fields": {"action_time": "2022-04-19T03:19:27.805Z", "user": 1, "content_type": 1, "object_id": "10", "object_repr": "agaga@gmail.com", "action_flag": 2, "change_message": "[{\"changed\": {\"fields\": [\"password\"]}}]"}}, {"model": "admin.logentry", "pk": 62, "fields": {"action_time": "2022-04-19T03:20:55.854Z", "user": 1, "content_type": 1, "object_id": "11", "object_repr": "abc@gmail.com", "action_flag": 2, "change_message": "[{\"changed\": {\"fields\": [\"password\"]}}]"}}, {"model": "admin.logentry", "pk": 63, "fields": {"action_time": "2022-04-19T03:20:58.351Z", "user": 1, "content_type": 1, "object_id": "11", "object_repr": "abc@gmail.com", "action_flag": 2, "change_message": "[]"}}, {"model": "admin.logentry", "pk": 64, "fields": {"action_time": "2022-04-19T03:46:25.106Z", "user": 1, "content_type": 1, "object_id": "10", "object_repr": "agaga@gmail.com", "action_flag": 3, "change_message": ""}}, {"model": "admin.logentry", "pk": 65, "fields": {"action_time": "2022-04-19T03:46:25.110Z", "user": 1, "content_type": 1, "object_id": "12", "object_repr": "anh.le@gmail.com", "action_flag": 3, "change_message": ""}}, {"model": "admin.logentry", "pk": 66, "fields": {"action_time": "2022-04-19T03:46:25.113Z", "user": 1, "content_type": 1, "object_id": "13", "object_repr": "anh.le1@gmail.com", "action_flag": 3, "change_message": ""}}, {"model": "admin.logentry", "pk": 67, "fields": {"action_time": "2022-04-19T03:46:25.116Z", "user": 1, "content_type": 1, "object_id": "6", "object_repr": "joh.doe1@gmail.com", "action_flag": 3, "change_message": ""}}, {"model": "admin.logentry", "pk": 68, "fields": {"action_time": "2022-04-19T03:46:25.119Z", "user": 1, "content_type": 1, "object_id": "2", "object_repr": "john@gmail.com", "action_flag": 3, "change_message": ""}}, {"model": "admin.logentry", "pk": 69, "fields": {"action_time": "2022-04-19T03:46:25.121Z", "user": 1, "content_type": 1, "object_id": "5", "object_repr": "john.doe@gmail.com", "action_flag": 3, "change_message": ""}}, {"model": "admin.logentry", "pk": 70, "fields": {"action_time": "2022-04-19T03:46:25.124Z", "user": 1, "content_type": 1, "object_id": "8", "object_repr": "john.doe123111@gmail.com", "action_flag": 3, "change_message": ""}}, {"model": "admin.logentry", "pk": 71, "fields": {"action_time": "2022-04-19T03:46:25.125Z", "user": 1, "content_type": 1, "object_id": "7", "object_repr": "john.doe1233@gmail.com", "action_flag": 3, "change_message": ""}}, {"model": "admin.logentry", "pk": 72, "fields": {"action_time": "2022-04-19T03:46:25.127Z", "user": 1, "content_type": 1, "object_id": "9", "object_repr": "john.doe14333@gmail.com", "action_flag": 3, "change_message": ""}}, {"model": "admin.logentry", "pk": 73, "fields": {"action_time": "2022-04-19T03:46:25.130Z", "user": 1, "content_type": 1, "object_id": "3", "object_repr": "john1@gmail.com", "action_flag": 3, "change_message": ""}}, {"model": "admin.logentry", "pk": 74, "fields": {"action_time": "2022-04-19T03:46:25.133Z", "user": 1, "content_type": 1, "object_id": "4", "object_repr": "john12@gmail.com", "action_flag": 3, "change_message": ""}}, {"model": "admin.logentry", "pk": 75, "fields": {"action_time": "2022-04-19T03:47:06.229Z", "user": 1, "content_type": 1, "object_id": "14", "object_repr": "anh.le23@gmail.com", "action_flag": 2, "change_message": "[{\"changed\": {\"fields\": [\"password\"]}}]"}}, {"model": "admin.logentry", "pk": 76, "fields": {"action_time": "2022-04-19T03:59:30.269Z", "user": 1, "content_type": 1, "object_id": "15", "object_repr": "john.doe@gmail.com", "action_flag": 2, "change_message": "[{\"changed\": {\"fields\": [\"password\"]}}]"}}, {"model": "admin.logentry", "pk": 77, "fields": {"action_time": "2022-04-19T03:59:32.997Z", "user": 1, "content_type": 1, "object_id": "15", "object_repr": "john.doe@gmail.com", "action_flag": 2, "change_message": "[]"}}, {"model": "admin.logentry", "pk": 78, "fields": {"action_time": "2022-04-19T04:07:55.110Z", "user": 1, "content_type": 1, "object_id": "11", "object_repr": "abc@gmail.com", "action_flag": 3, "change_message": ""}}, {"model": "admin.logentry", "pk": 79, "fields": {"action_time": "2022-04-19T04:07:55.116Z", "user": 1, "content_type": 1, "object_id": "14", "object_repr": "anh.le23@gmail.com", "action_flag": 3, "change_message": ""}}, {"model": "admin.logentry", "pk": 80, "fields": {"action_time": "2022-04-19T04:07:55.119Z", "user": 1, "content_type": 1, "object_id": "16", "object_repr": "john@gmail.com", "action_flag": 3, "change_message": ""}}, {"model": "admin.logentry", "pk": 81, "fields": {"action_time": "2022-04-19T04:07:55.121Z", "user": 1, "content_type": 1, "object_id": "15", "object_repr": "john.doe@gmail.com", "action_flag": 3, "change_message": ""}}, {"model": "admin.logentry", "pk": 82, "fields": {"action_time": "2022-04-19T04:07:55.123Z", "user": 1, "content_type": 1, "object_id": "17", "object_repr": "john.doe1@gmail.com", "action_flag": 3, "change_message": ""}}, {"model": "admin.logentry", "pk": 83, "fields": {"action_time": "2022-04-19T04:34:41.710Z", "user": 1, "content_type": 1, "object_id": "19", "object_repr": "john.doe@gmail.com", "action_flag": 2, "change_message": "[{\"changed\": {\"fields\": [\"password\"]}}]"}}, {"model": "admin.logentry", "pk": 84, "fields": {"action_time": "2022-04-19T04:37:19.293Z", "user": 1, "content_type": 1, "object_id": "18", "object_repr": "abc@gmail.com", "action_flag": 2, "change_message": "[{\"changed\": {\"fields\": [\"Is active\"]}}]"}}, {"model": "admin.logentry", "pk": 85, "fields": {"action_time": "2022-04-19T04:37:51.926Z", "user": 1, "content_type": 1, "object_id": "19", "object_repr": "john.doe@gmail.com", "action_flag": 2, "change_message": "[{\"changed\": {\"fields\": [\"Is active\"]}}]"}}, {"model": "admin.logentry", "pk": 86, "fields": {"action_time": "2022-04-19T07:37:03.851Z", "user": 1, "content_type": 1, "object_id": "18", "object_repr": "abc@gmail.com", "action_flag": 3, "change_message": ""}}, {"model": "admin.logentry", "pk": 87, "fields": {"action_time": "2022-04-19T07:37:03.854Z", "user": 1, "content_type": 1, "object_id": "19", "object_repr": "john.doe@gmail.com", "action_flag": 3, "change_message": ""}}, {"model": "admin.logentry", "pk": 88, "fields": {"action_time": "2022-04-19T07:37:03.856Z", "user": 1, "content_type": 1, "object_id": "20", "object_repr": "john.doe1@gmail.com", "action_flag": 3, "change_message": ""}}, {"model": "admin.logentry", "pk": 89, "fields": {"action_time": "2022-04-19T07:37:03.859Z", "user": 1, "content_type": 1, "object_id": "21", "object_repr": "lekhngoc2014@gmail.com", "action_flag": 3, "change_message": ""}}, {"model": "admin.logentry", "pk": 90, "fields": {"action_time": "2022-04-19T07:54:29.383Z", "user": 1, "content_type": 1, "object_id": "22", "object_repr": "lekhngoc2014@gmail.com", "action_flag": 3, "change_message": ""}}, {"model": "admin.logentry", "pk": 91, "fields": {"action_time": "2022-04-19T07:57:14.057Z", "user": 1, "content_type": 1, "object_id": "23", "object_repr": "lekhngoc2014@gmail.com", "action_flag": 3, "change_message": ""}}, {"model": "admin.logentry", "pk": 92, "fields": {"action_time": "2022-04-19T07:58:16.425Z", "user": 1, "content_type": 1, "object_id": "24", "object_repr": "lekhngoc2014@gmail.com", "action_flag": 3, "change_message": ""}}, {"model": "admin.logentry", "pk": 93, "fields": {"action_time": "2022-04-19T08:00:39.081Z", "user": 1, "content_type": 1, "object_id": "25", "object_repr": "lekhngoc2014@gmail.com", "action_flag": 3, "change_message": ""}}, {"model": "admin.logentry", "pk": 94, "fields": {"action_time": "2022-04-19T08:03:02.010Z", "user": 1, "content_type": 1, "object_id": "26", "object_repr": "lekhngoc2014@gmail.com", "action_flag": 3, "change_message": ""}}, {"model": "admin.logentry", "pk": 95, "fields": {"action_time": "2022-04-19T08:05:10.029Z", "user": 1, "content_type": 1, "object_id": "27", "object_repr": "lekhngoc2014@gmail.com", "action_flag": 3, "change_message": ""}}, {"model": "admin.logentry", "pk": 96, "fields": {"action_time": "2022-04-19T08:05:29.465Z", "user": 1, "content_type": 1, "object_id": "28", "object_repr": "lekhngoc2014@gmail.com", "action_flag": 3, "change_message": ""}}, {"model": "admin.logentry", "pk": 97, "fields": {"action_time": "2022-04-19T08:27:45.742Z", "user": 1, "content_type": 1, "object_id": "29", "object_repr": "lekhngoc2014@gmail.com", "action_flag": 3, "change_message": ""}}, {"model": "admin.logentry", "pk": 98, "fields": {"action_time": "2022-04-19T08:46:05.757Z", "user": 1, "content_type": 1, "object_id": "30", "object_repr": "lekhngoc2014@gmail.com", "action_flag": 3, "change_message": ""}}, {"model": "admin.logentry", "pk": 99, "fields": {"action_time": "2022-04-19T09:32:34.277Z", "user": 1, "content_type": 1, "object_id": "31", "object_repr": "lekhngoc2014@gmail.com", "action_flag": 3, "change_message": ""}}, {"model": "admin.logentry", "pk": 100, "fields": {"action_time": "2022-04-19T09:33:27.303Z", "user": 1, "content_type": 1, "object_id": "32", "object_repr": "lekhngoc2014@gmail.com", "action_flag": 3, "change_message": ""}}, {"model": "admin.logentry", "pk": 101, "fields": {"action_time": "2022-04-19T09:35:11.951Z", "user": 1, "content_type": 1, "object_id": "33", "object_repr": "lekhngoc2014@gmail.com", "action_flag": 3, "change_message": ""}}, {"model": "admin.logentry", "pk": 102, "fields": {"action_time": "2022-04-19T09:37:46.890Z", "user": 1, "content_type": 1, "object_id": "34", "object_repr": "lekhngoc2014@gmail.com", "action_flag": 3, "change_message": ""}}, {"model": "admin.logentry", "pk": 103, "fields": {"action_time": "2022-04-19T09:38:14.835Z", "user": 1, "content_type": 1, "object_id": "35", "object_repr": "lekhngoc2014@gmail.com", "action_flag": 3, "change_message": ""}}, {"model": "admin.logentry", "pk": 104, "fields": {"action_time": "2022-04-20T11:15:43.096Z", "user": 1, "content_type": 1, "object_id": "37", "object_repr": "lekhngoc2014@gmail.com", "action_flag": 3, "change_message": ""}}, {"model": "admin.logentry", "pk": 105, "fields": {"action_time": "2022-04-20T11:15:43.109Z", "user": 1, "content_type": 1, "object_id": "36", "object_repr": "lenguyeanh08091985@gmail.com", "action_flag": 3, "change_message": ""}}, {"model": "admin.logentry", "pk": 106, "fields": {"action_time": "2022-04-20T11:49:57.762Z", "user": 1, "content_type": 1, "object_id": "38", "object_repr": "lekhngoc2014@gmail.com", "action_flag": 2, "change_message": "[{\"changed\": {\"fields\": [\"Is active\"]}}]"}}, {"model": "admin.logentry", "pk": 107, "fields": {"action_time": "2022-04-20T11:50:46.461Z", "user": 1, "content_type": 1, "object_id": "38", "object_repr": "lekhngoc2014@gmail.com", "action_flag": 2, "change_message": "[{\"changed\": {\"fields\": [\"Is active\"]}}]"}}, {"model": "admin.logentry", "pk": 108, "fields": {"action_time": "2022-04-20T11:52:32.596Z", "user": 1, "content_type": 1, "object_id": "38", "object_repr": "lekhngoc2014@gmail.com", "action_flag": 3, "change_message": ""}}, {"model": "admin.logentry", "pk": 109, "fields": {"action_time": "2022-04-20T16:48:40.880Z", "user": 1, "content_type": 9, "object_id": "33", "object_repr": "CartItem object (33)", "action_flag": 3, "change_message": ""}}, {"model": "admin.logentry", "pk": 110, "fields": {"action_time": "2022-04-20T16:48:40.885Z", "user": 1, "content_type": 9, "object_id": "32", "object_repr": "CartItem object (32)", "action_flag": 3, "change_message": ""}}, {"model": "admin.logentry", "pk": 111, "fields": {"action_time": "2022-04-20T16:48:40.887Z", "user": 1, "content_type": 9, "object_id": "30", "object_repr": "CartItem object (30)", "action_flag": 3, "change_message": ""}}, {"model": "admin.logentry", "pk": 112, "fields": {"action_time": "2022-04-20T17:24:50.103Z", "user": 1, "content_type": 10, "object_id": "8", "object_repr": "7ojyle8qzce7hojzgvw7vizrzhaza4qj", "action_flag": 3, "change_message": ""}}, {"model": "admin.logentry", "pk": 113, "fields": {"action_time": "2022-04-20T17:24:50.106Z", "user": 1, "content_type": 10, "object_id": "7", "object_repr": "rjkmv581sc3wmtxs8gm25xd6w0omv1uc", "action_flag": 3, "change_message": ""}}, {"model": "admin.logentry", "pk": 114, "fields": {"action_time": "2022-04-20T17:24:50.108Z", "user": 1, "content_type": 10, "object_id": "6", "object_repr": "4wza6t1viivjxhexdsb56swjh9ixlbg1", "action_flag": 3, "change_message": ""}}, {"model": "admin.logentry", "pk": 115, "fields": {"action_time": "2022-04-20T17:24:50.111Z", "user": 1, "content_type": 10, "object_id": "5", "object_repr": "psddbykehuexnj1be0grml7gstew30am", "action_flag": 3, "change_message": ""}}, {"model": "admin.logentry", "pk": 116, "fields": {"action_time": "2022-04-20T17:24:50.113Z", "user": 1, "content_type": 10, "object_id": "4", "object_repr": "cf3twxm07invvp52m39lstyxai30lj8j", "action_flag": 3, "change_message": ""}}, {"model": "admin.logentry", "pk": 117, "fields": {"action_time": "2022-04-20T17:24:50.116Z", "user": 1, "content_type": 10, "object_id": "3", "object_repr": "dmrhh5bmhhowaj5mhuyeewrtg2v4fs3s", "action_flag": 3, "change_message": ""}}, {"model": "admin.logentry", "pk": 118, "fields": {"action_time": "2022-04-20T17:24:50.118Z", "user": 1, "content_type": 10, "object_id": "2", "object_repr": "a29xro989t33tp8h2dkjzhz178fpmtuw", "action_flag": 3, "change_message": ""}}, {"model": "admin.logentry", "pk": 119, "fields": {"action_time": "2022-04-20T17:24:50.121Z", "user": 1, "content_type": 10, "object_id": "1", "object_repr": "eaor455ml91x1jbkd8d4uqai4mozfj90", "action_flag": 3, "change_message": ""}}, {"model": "admin.logentry", "pk": 120, "fields": {"action_time": "2022-04-20T17:40:05.011Z", "user": 1, "content_type": 9, "object_id": "41", "object_repr": "CartItem object (41)", "action_flag": 3, "change_message": ""}}, {"model": "admin.logentry", "pk": 121, "fields": {"action_time": "2022-04-20T17:40:05.016Z", "user": 1, "content_type": 9, "object_id": "40", "object_repr": "CartItem object (40)", "action_flag": 3, "change_message": ""}}, {"model": "admin.logentry", "pk": 122, "fields": {"action_time": "2022-04-20T17:40:05.019Z", "user": 1, "content_type": 9, "object_id": "39", "object_repr": "CartItem object (39)", "action_flag": 3, "change_message": ""}}, {"model": "admin.logentry", "pk": 123, "fields": {"action_time": "2022-04-20T17:40:11.206Z", "user": 1, "content_type": 10, "object_id": "10", "object_repr": "xq7yedvrrd6hiur94qrwe5dw1zvu074d", "action_flag": 3, "change_message": ""}}, {"model": "admin.logentry", "pk": 124, "fields": {"action_time": "2022-04-20T17:40:11.209Z", "user": 1, "content_type": 10, "object_id": "9", "object_repr": "gwrspoofh3l7btpmv2hvxg0y433tun6w", "action_flag": 3, "change_message": ""}}, {"model": "admin.logentry", "pk": 125, "fields": {"action_time": "2022-04-21T02:28:17.904Z", "user": 1, "content_type": 12, "object_id": "3", "object_repr": "anh", "action_flag": 3, "change_message": ""}}, {"model": "admin.logentry", "pk": 126, "fields": {"action_time": "2022-04-21T02:28:17.910Z", "user": 1, "content_type": 12, "object_id": "2", "object_repr": "anh", "action_flag": 3, "change_message": ""}}, {"model": "admin.logentry", "pk": 127, "fields": {"action_time": "2022-04-21T02:28:17.912Z", "user": 1, "content_type": 12, "object_id": "1", "object_repr": "anh", "action_flag": 3, "change_message": ""}}, {"model": "admin.logentry", "pk": 128, "fields": {"action_time": "2022-04-21T16:39:54.436Z", "user": 1, "content_type": 16, "object_id": "1", "object_repr": "le", "action_flag": 1, "change_message": "[{\"added\": {}}]"}}, {"model": "admin.logentry", "pk": 129, "fields": {"action_time": "2022-04-22T03:06:24.799Z", "user": 1, "content_type": 8, "object_id": "1", "object_repr": "ATX-Jeans", "action_flag": 2, "change_message": "[{\"added\": {\"name\": \"product_gallery\", \"object\": \"ATX-Jeans\"}}]"}}, {"model": "admin.logentry", "pk": 130, "fields": {"action_time": "2022-04-22T03:09:14.291Z", "user": 1, "content_type": 8, "object_id": "1", "object_repr": "ATX-Jeans", "action_flag": 2, "change_message": "[{\"added\": {\"name\": \"product_gallery\", \"object\": \"ATX-Jeans\"}}]"}}, {"model": "admin.logentry", "pk": 131, "fields": {"action_time": "2022-04-22T08:33:31.724Z", "user": 1, "content_type": 1, "object_id": "40", "object_repr": "anhlengoc1985@gmail.com", "action_flag": 3, "change_message": ""}}, {"model": "sessions.session", "pk": "1xin55hcea3926lg08qhfqq4w576ubxk", "fields": {"session_data": "e30:1ngewQ:1eevVscDj2jCgPm9UUzoXjhK3WqTlUxov7MlmgcuxPY", "expire_date": "2022-05-03T03:54:14.621Z"}}, {"model": "sessions.session", "pk": "4kyrqm8urbn91fr8vgrgm169ht61qfr6", "fields": {"session_data": "e30:1nhoWB:bJZTEHhtBk78ZRMrkCGGxaCprOP08ek0tWZ2gfk1KxU", "expire_date": "2022-05-06T08:19:55.037Z"}}, {"model": "sessions.session", "pk": "gkeyd8mkhxod0vr8dr4qargn0ewtkttw", "fields": {"session_data": "e30:1ngpHE:pHKD2WxpFp8dfw-TDl2bh2O-PiXo8gl_TalEsgF-iGs", "expire_date": "2022-05-03T14:56:24.150Z"}}, {"model": "sessions.session", "pk": "uhkehbqi9f1hdj1ord62lqdxygryzu6p", "fields": {"session_data": ".eJxVjDsOwyAQRO9CHSG-C06Z3mdAsAvBSYQlY1dR7h5bcpFUI817M28W4rbWsPW8hInYlUl2-e1SxGduB6BHbPeZ49zWZUr8UPhJOx9nyq_b6f4d1NjrvlYKrRJOeusH0HZAnw0WiNHklAGFhAQIShuBJDTtaVPRJRE5cCQN-3wByHM3mQ:1nhDVv:efHcE-Z8vF8KqQku7Gts7801Frlp3ui3Gv55dDbk_qM", "expire_date": "2022-05-04T16:49:11.183Z"}}, {"model": "sessions.session", "pk": "ydl7ikymozaa6j3kgdvrqffo5b2fzpol", "fields": {"session_data": ".eJxVjDsOwyAQRO9CHSG-C06Z3mdAsAvBSYQlY1dR7h5bcpFUI817M28W4rbWsPW8hInYlUl2-e1SxGduB6BHbPeZ49zWZUr8UPhJOx9nyq_b6f4d1NjrvlYKrRJOeusH0HZAnw0WiNHklAGFhAQIShuBJDTtaVPRJRE5cCQN-3wByHM3mQ:1ngiPr:YUnFkl8WBGLFcIwwa1WoB8vINh_9tv1MrAXflYTN0JE", "expire_date": "2022-05-03T07:36:51.461Z"}}, {"model": "cart.cart", "pk": 11, "fields": {"cart_id": "xcc0t16mj1hdbcupjlpxynaw6kitoibz", "date_added": "2022-04-20"}}, {"model": "cart.cart", "pk": 12, "fields": {"cart_id": "sqsea28sfkpyx9smf2l6mzz7ku2xx1a6", "date_added": "2022-04-20"}}, {"model": "cart.cart", "pk": 13, "fields": {"cart_id": "6m4qmifyuc7yaiq09hen4mym1xugj4nn", "date_added": "2022-04-20"}}, {"model": "cart.cartitem", "pk": 46, "fields": {"user": null, "product": 1, "cart": 13, "quantity": 1, "is_active": true, "variations": [19, 21]}}, {"model": "store.product", "pk": 1, "fields": {"product_name": "ATX-Jeans", "slug": "atx-jeans", "description": "Lorem Ipsum is simply dummy text of the printing and typesetting industry. Lorem Ipsum has been the industry's standard dummy text ever since the 1500s", "price": 189, "images": "photos/products/ATX-Jeans.jpg", "stock": 94, "is_available": true, "category": 3, "created_date": "2022-04-14T05:41:36.982Z", "modified_date": "2022-04-22T03:09:14.276Z"}}, {"model": "store.product", "pk": 2, "fields": {"product_name": "Blue-Shirt", "slug": "blue-shirt", "description": "Lorem Ipsum is simply dummy text of the printing and typesetting industry. Lorem Ipsum has been the industry's standard dummy text ever since the 1500s", "price": 80, "images": "photos/products/Blue-Shirt.jpg", "stock": 140, "is_available": true, "category": 1, "created_date": "2022-04-14T05:42:34.757Z", "modified_date": "2022-04-14T05:42:34.757Z"}}, {"model": "store.product", "pk": 3, "fields": {"product_name": "Great-Tshirt", "slug": "great-tshirt", "description": "Lorem Ipsum is simply dummy text of the printing and typesetting industry. Lorem Ipsum has been the industry's standard dummy text ever since the 1500s", "price": 150, "images": "photos/products/Great-Tshirt.jpg", "stock": 100, "is_available": true, "category": 2, "created_date": "2022-04-14T05:43:31.213Z", "modified_date": "2022-04-14T05:43:31.213Z"}}, {"model": "store.product", "pk": 4, "fields": {"product_name": "jordan-true-flight-basketball-shoes", "slug": "jordan-true-flight-basketball-shoes", "description": "Lorem Ipsum is simply dummy text of the printing and typesetting industry. Lorem Ipsum has been the industry's standard dummy text ever since the 1500s", "price": 300, "images": "photos/products/jordan-true-flight-basketball-shoes.jpg", "stock": 300, "is_available": true, "category": 4, "created_date": "2022-04-14T05:44:31.847Z", "modified_date": "2022-04-14T05:44:31.848Z"}}, {"model": "store.product", "pk": 5, "fields": {"product_name": "Puma-Ferrari-Shoes", "slug": "puma-ferrari-shoes", "description": "Lorem Ipsum is simply dummy text of the printing and typesetting industry. Lorem Ipsum has been the industry's standard dummy text ever since the 1500s", "price": 500, "images": "photos/products/Puma-Ferrari-Shoes.jpg", "stock": 50, "is_available": true, "category": 4, "created_date": "2022-04-14T05:45:19.803Z", "modified_date": "2022-04-14T05:45:19.803Z"}}, {"model": "store.product", "pk": 6, "fields": {"product_name": "US-Polo-Assn_Jacket", "slug": "us-polo-assn_jacket", "description": "Lorem Ipsum is simply dummy text of the printing and typesetting industry. Lorem Ipsum has been the industry's standard dummy text ever since the 1500s", "price": 300, "images": "photos/products/US-Polo-Assn_Jacket.jpg", "stock": 80, "is_available": true, "category": 5, "created_date": "2022-04-14T05:45:53.857Z", "modified_date": "2022-04-14T05:45:53.857Z"}}, {"model": "store.product", "pk": 7, "fields": {"product_name": "Wrangler-Shirt", "slug": "wrangler-shirt", "description": "Lorem Ipsum is simply dummy text of the printing and typesetting industry. Lorem Ipsum has been the industry's standard dummy text ever since the 1500s", "price": 210, "images": "photos/products/Wrangler-Shirt.jpg", "stock": 0, "is_available": true, "category": 1, "created_date": "2022-04-14T05:46:39.057Z", "modified_date": "2022-04-14T08:11:25.634Z"}}, {"model": "store.variation", "pk": 19, "fields": {"product": 1, "variation_category": "color", "variation_value": "Blue", "is_active": true, "created_date": "2022-04-18T15:23:22.166Z"}}, {"model": "store.variation", "pk": 20, "fields": {"product": 1, "variation_category": "color", "variation_value": "Green", "is_active": true, "created_date": "2022-04-18T15:23:36.006Z"}}, {"model": "store.variation", "pk": 21, "fields": {"product": 1, "variation_category": "size", "variation_value": "Large", "is_active": true, "created_date": "2022-04-18T15:23:43.238Z"}}, {"model": "store.variation", "pk": 22, "fields": {"product": 1, "variation_category": "size", "variation_value": "Small", "is_active": true, "created_date": "2022-04-18T15:23:51.669Z"}}, {"model": "store.variation", "pk": 23, "fields": {"product": 2, "variation_category": "size", "variation_value": "Large", "is_active": true, "created_date": "2022-04-18T16:19:33.607Z"}}, {"model": "store.variation", "pk": 24, "fields": {"product": 2, "variation_category": "color", "variation_value": "Blue", "is_active": true, "created_date": "2022-04-18T16:41:16.415Z"}}, {"model": "store.reviewrating", "pk": 1, "fields": {"product": 1, "user": 39, "subject": "Test review", "review": "Content of review", "rating": 4.5, "ip": "127.0.0.1", "status": true, "created_at": "2022-04-21T14:15:20.847Z", "updated_at": "2022-04-21T14:15:20.847Z"}}, {"model": "store.productgallery", "pk": 1, "fields": {"product": 1, "image": "store/products/228d5ff44e1b8445dd0a.jpeg"}}, {"model": "store.productgallery", "pk": 2, "fields": {"product": 1, "image": "store/products/HTB1cW_oP5rpK1RjSZFhq6xSdXXaR.jpeg"}}, {"model": "accounts.account", "pk": 1, "fields": {"password": "pbkdf2_sha256$320000$CIwF7YRs05rMokdpEuXDOB$W2FfsfMMEJwnbrdY6qHc43Mi2QAA5R+7D7Evs5XwKUc=", "first_name": "anh", "last_name": "le", "username": "anhln", "email": "anhlnster@gmail.com", "phone_number": "", "date_join": "2022-04-14T03:29:03.382Z", "last_login": "2022-04-22T04:11:56.948Z", "is_admin": true, "is_staff": true, "is_active": true, "is_superadmin": true}}, {"model": "accounts.account", "pk": 39, "fields": {"password": "pbkdf2_sha256$320000$jEVlPpyHtLXsUPCrjbnPyM$gb+bCdvAXMa6STCJUQzAwhn7JmLPgjiayD11VuK2IVU=", "first_name": "le", "last_name": "ngoc", "username": "lekhngoc2014", "email": "lekhngoc2014@gmail.com", "phone_number": "0987765555", "date_join": "2022-04-20T11:52:47.036Z", "last_login": "2022-04-22T05:42:48.656Z", "is_admin": false, "is_staff": false, "is_active": true, "is_superadmin": false}}, {"model": "accounts.account", "pk": 41, "fields": {"password": "pbkdf2_sha256$320000$MhMp4bOtdPn5K9UZPJEyYs$+5+x4+t0zQAtmpn3ZYPjlO9Z4is5r26mzNCI02/BV8k=", "first_name": "anh", "last_name": "le", "username": "anhlengoc1985", "email": "anhlengoc1985@gmail.com", "phone_number": "988773737", "date_join": "2022-04-22T08:33:41.134Z", "last_login": "2022-04-22T08:33:41.134Z", "is_admin": false, "is_staff": false, "is_active": false, "is_superadmin": false}}, {"model": "accounts.userprofile", "pk": 1, "fields": {"user": 39, "address_line_1": "hanoi", "address_line_2": "hanoi", "profile_picture": "userprofile/HTB1cW_oP5rpK1RjSZFhq6xSdXXaR.jpeg", "city": "hanoi", "state": "hanoi", "country": "vietnam"}}, {"model": "order.payment", "pk": 1, "fields": {"user": 39, "payment_id": "0ER23229WJ644584W", "payment_method": "PayPal", "amount_paid": "192.78", "status": "COMPLETED", "created_at": "2022-04-21T04:43:31.690Z"}}, {"model": "order.payment", "pk": 2, "fields": {"user": 39, "payment_id": "5CR86085FK387020G", "payment_method": "PayPal", "amount_paid": "578.34", "status": "COMPLETED", "created_at": "2022-04-21T10:25:03.390Z"}}, {"model": "order.payment", "pk": 3, "fields": {"user": 39, "payment_id": "55L5486078408710G", "payment_method": "PayPal", "amount_paid": "578.34", "status": "COMPLETED", "created_at": "2022-04-21T10:35:26.958Z"}}, {"model": "order.payment", "pk": 4, "fields": {"user": 39, "payment_id": "2AU07431JX1414545", "payment_method": "PayPal", "amount_paid": "192.78", "status": "COMPLETED", "created_at": "2022-04-21T11:10:48.699Z"}}, {"model": "order.payment", "pk": 5, "fields": {"user": 39, "payment_id": "7B467968TP067643U", "payment_method": "PayPal", "amount_paid": "192.78", "status": "COMPLETED", "created_at": "2022-04-21T11:15:28.385Z"}}, {"model": "order.payment", "pk": 6, "fields": {"user": 39, "payment_id": "40H926101V773652B", "payment_method": "PayPal", "amount_paid": "192.78", "status": "COMPLETED", "created_at": "2022-04-21T11:17:24.617Z"}}, {"model": "order.order", "pk": 4, "fields": {"user": 39, "payment": null, "order_number": "20222144", "first_name": "anh", "last_name": "le", "phone": "09877766555", "email": "lekhngoc2014@gmail.com", "address_line_1": "hanoi", "address_line_2": "hanoi", "country": "vn", "state": "hanoi", "city": "hani", "order_note": "test note", "order_total": 578.34, "tax": 11.34, "status": "New", "ip": "127.0.0.1", "is_ordered": false, "created_at": "2022-04-21T02:27:47.220Z", "updated_at": "2022-04-21T02:27:47.224Z"}}, {"model": "order.order", "pk": 5, "fields": {"user": 39, "payment": null, "order_number": "202204215", "first_name": "le", "last_name": "anh", "phone": "0987655626", "email": "lekhngoc2014@gmail.com", "address_line_1": "hanoi", "address_line_2": "hanoi", "country": "vn", "state": "hn", "city": "hn", "order_note": "vn", "order_total": 578.34, "tax": 11.34, "status": "New", "ip": "127.0.0.1", "is_ordered": false, "created_at": "2022-04-21T02:30:33.694Z", "updated_at": "2022-04-21T02:30:33.705Z"}}, {"model": "order.order", "pk": 6, "fields": {"user": 39, "payment": null, "order_number": "202204216", "first_name": "anh", "last_name": "le", "phone": "098876666", "email": "lekhngoc2014@gmail.com", "address_line_1": "han", "address_line_2": "n", "country": "hn", "state": "hn", "city": "hn", "order_note": "hn", "order_total": 578.34, "tax": 11.34, "status": "New", "ip": "127.0.0.1", "is_ordered": false, "created_at": "2022-04-21T02:57:09.454Z", "updated_at": "2022-04-21T02:57:09.465Z"}}, {"model": "order.order", "pk": 7, "fields": {"user": 39, "payment": null, "order_number": "202204217", "first_name": "anh", "last_name": "le", "phone": "098876666", "email": "lekhngoc2014@gmail.com", "address_line_1": "han", "address_line_2": "n", "country": "hn", "state": "hn", "city": "hn", "order_note": "hn", "order_total": 578.34, "tax": 11.34, "status": "New", "ip": "127.0.0.1", "is_ordered": false, "created_at": "2022-04-21T04:03:26.841Z", "updated_at": "2022-04-21T04:03:26.848Z"}}, {"model": "order.order", "pk": 8, "fields": {"user": 39, "payment": null, "order_number": "202204218", "first_name": "anh", "last_name": "le", "phone": "098876666", "email": "lekhngoc2014@gmail.com", "address_line_1": "han", "address_line_2": "n", "country": "hn", "state": "hn", "city": "hn", "order_note": "hn", "order_total": 578.34, "tax": 11.34, "status": "New", "ip": "127.0.0.1", "is_ordered": false, "created_at": "2022-04-21T04:06:59.903Z", "updated_at": "2022-04-21T04:06:59.909Z"}}, {"model": "order.order", "pk": 9, "fields": {"user": 39, "payment": null, "order_number": "202204219", "first_name": "anh", "last_name": "le", "phone": "098876666", "email": "lekhngoc2014@gmail.com", "address_line_1": "han", "address_line_2": "n", "country": "hn", "state": "hn", "city": "hn", "order_note": "hn", "order_total": 578.34, "tax": 11.34, "status": "New", "ip": "127.0.0.1", "is_ordered": false, "created_at": "2022-04-21T04:07:04.479Z", "updated_at": "2022-04-21T04:07:04.482Z"}}, {"model": "order.order", "pk": 10, "fields": {"user": 39, "payment": null, "order_number": "2022042110", "first_name": "anh", "last_name": "le", "phone": "098876666", "email": "lekhngoc2014@gmail.com", "address_line_1": "han", "address_line_2": "n", "country": "hn", "state": "hn", "city": "hn", "order_note": "hn", "order_total": 578.34, "tax": 11.34, "status": "New", "ip": "127.0.0.1", "is_ordered": false, "created_at": "2022-04-21T04:09:03.023Z", "updated_at": "2022-04-21T04:09:03.035Z"}}, {"model": "order.order", "pk": 11, "fields": {"user": 39, "payment": null, "order_number": "2022042111", "first_name": "anh", "last_name": "le", "phone": "098876666", "email": "lekhngoc2014@gmail.com", "address_line_1": "han", "address_line_2": "n", "country": "hn", "state": "hn", "city": "hn", "order_note": "hn", "order_total": 578.34, "tax": 11.34, "status": "New", "ip": "127.0.0.1", "is_ordered": false, "created_at": "2022-04-21T04:30:02.246Z", "updated_at": "2022-04-21T04:30:02.255Z"}}, {"model": "order.order", "pk": 12, "fields": {"user": 39, "payment": null, "order_number": "2022042112", "first_name": "anh", "last_name": "le", "phone": "098876666", "email": "lekhngoc2014@gmail.com", "address_line_1": "han", "address_line_2": "n", "country": "hn", "state": "hn", "city": "hn", "order_note": "hn", "order_total": 578.34, "tax": 11.34, "status": "New", "ip": "127.0.0.1", "is_ordered": false, "created_at": "2022-04-21T04:33:48.114Z", "updated_at": "2022-04-21T04:33:48.122Z"}}, {"model": "order.order", "pk": 13, "fields": {"user": 39, "payment": null, "order_number": "2022042113", "first_name": "le", "last_name": "ngoc", "phone": "98837337", "email": "anhlnster@gmail.com", "address_line_1": "anh", "address_line_2": "hn", "country": "h", "state": "h", "city": "hn", "order_note": "h", "order_total": 192.78, "tax": 3.78, "status": "New", "ip": "127.0.0.1", "is_ordered": false, "created_at": "2022-04-21T04:36:23.557Z", "updated_at": "2022-04-21T04:36:23.568Z"}}, {"model": "order.order", "pk": 14, "fields": {"user": 39, "payment": 1, "order_number": "2022042114", "first_name": "le", "last_name": "ngoc", "phone": "98837337", "email": "anhlnster@gmail.com", "address_line_1": "anh", "address_line_2": "hn", "country": "h", "state": "h", "city": "hn", "order_note": "h", "order_total": 192.78, "tax": 3.78, "status": "New", "ip": "127.0.0.1", "is_ordered": true, "created_at": "2022-04-21T04:43:09.685Z", "updated_at": "2022-04-21T04:43:31.697Z"}}, {"model": "order.order", "pk": 15, "fields": {"user": 39, "payment": null, "order_number": "2022042115", "first_name": "abc", "last_name": "abc", "phone": "098765636", "email": "anhlnster@gmail.com", "address_line_1": "hn", "address_line_2": "hn", "country": "hn", "state": "hn", "city": "hn", "order_note": "hn", "order_total": 192.78, "tax": 3.78, "status": "New", "ip": "127.0.0.1", "is_ordered": false, "created_at": "2022-04-21T09:30:34.854Z", "updated_at": "2022-04-21T09:30:34.859Z"}}, {"model": "order.order", "pk": 16, "fields": {"user": 39, "payment": 2, "order_number": "2022042116", "first_name": "lel", "last_name": "anh", "phone": "098765444", "email": "anhlnster@gmail.com", "address_line_1": "hn", "address_line_2": "hn", "country": "hn", "state": "hn", "city": "hn", "order_note": "hn", "order_total": 578.34, "tax": 11.34, "status": "New", "ip": "127.0.0.1", "is_ordered": true, "created_at": "2022-04-21T10:24:18.406Z", "updated_at": "2022-04-21T10:25:03.401Z"}}, {"model": "order.order", "pk": 17, "fields": {"user": 39, "payment": 3, "order_number": "2022042117", "first_name": "Le", "last_name": "Anh", "phone": "0987654445", "email": "anhlnseter@gmail.com", "address_line_1": "hanoi", "address_line_2": "hanoi", "country": "hanoi", "state": "hanoi", "city": "hanoi", "order_note": "hanoi", "order_total": 578.34, "tax": 11.34, "status": "New", "ip": "127.0.0.1", "is_ordered": true, "created_at": "2022-04-21T10:35:07.587Z", "updated_at": "2022-04-21T10:35:26.964Z"}}, {"model": "order.order", "pk": 18, "fields": {"user": 39, "payment": 4, "order_number": "2022042118", "first_name": "hanoi", "last_name": "hanoi", "phone": "0987636636", "email": "anhlnster@gmail.com", "address_line_1": "anhday", "address_line_2": "anhday", "country": "hanoi", "state": "hanoi", "city": "hanoi", "order_note": "hanoi", "order_total": 192.78, "tax": 3.78, "status": "New", "ip": "127.0.0.1", "is_ordered": true, "created_at": "2022-04-21T11:10:25.538Z", "updated_at": "2022-04-21T11:10:48.716Z"}}, {"model": "order.order", "pk": 19, "fields": {"user": 39, "payment": 5, "order_number": "2022042119", "first_name": "hanoi", "last_name": "hanoi", "phone": "098754444", "email": "anhlnster@gmail.com", "address_line_1": "hanoi", "address_line_2": "hanoi", "country": "hn", "state": "hn", "city": "hn", "order_note": "", "order_total": 192.78, "tax": 3.78, "status": "New", "ip": "127.0.0.1", "is_ordered": true, "created_at": "2022-04-21T11:15:01.348Z", "updated_at": "2022-04-21T11:15:28.389Z"}}, {"model": "order.order", "pk": 20, "fields": {"user": 39, "payment": 6, "order_number": "2022042120", "first_name": "le", "last_name": "ngoc", "phone": "098765544", "email": "anhlnster@gmail.com", "address_line_1": "hanoi", "address_line_2": "hanoi", "country": "hn", "state": "hn", "city": "hanoi", "order_note": "", "order_total": 192.78, "tax": 3.78, "status": "New", "ip": "127.0.0.1", "is_ordered": true, "created_at": "2022-04-21T11:17:06.211Z", "updated_at": "2022-04-21T11:17:24.625Z"}}, {"model": "order.orderproduct", "pk": 1, "fields": {"order": 16, "payment": 2, "user": 39, "product": 1, "quantity": 1, "product_price": 189.0, "ordered": true, "created_at": "2022-04-21T10:25:03.407Z", "updated_at": "2022-04-21T10:25:03.471Z", "variations": [19, 22]}}, {"model": "order.orderproduct", "pk": 2, "fields": {"order": 16, "payment": 2, "user": 39, "product": 1, "quantity": 1, "product_price": 189.0, "ordered": true, "created_at": "2022-04-21T10:25:03.479Z", "updated_at": "2022-04-21T10:25:03.505Z", "variations": [20, 22]}}, {"model": "order.orderproduct", "pk": 3, "fields": {"order": 16, "payment": 2, "user": 39, "product": 1, "quantity": 1, "product_price": 189.0, "ordered": true, "created_at": "2022-04-21T10:25:03.522Z", "updated_at": "2022-04-21T10:25:03.535Z", "variations": [20, 21]}}, {"model": "order.orderproduct", "pk": 4, "fields": {"order": 17, "payment": 3, "user": 39, "product": 1, "quantity": 2, "product_price": 189.0, "ordered": true, "created_at": "2022-04-21T10:35:26.975Z", "updated_at": "2022-04-21T10:35:27.062Z", "variations": [19, 22]}}, {"model": "order.orderproduct", "pk": 5, "fields": {"order": 17, "payment": 3, "user": 39, "product": 1, "quantity": 1, "product_price": 189.0, "ordered": true, "created_at": "2022-04-21T10:35:27.072Z", "updated_at": "2022-04-21T10:35:27.121Z", "variations": [20, 22]}}, {"model": "order.orderproduct", "pk": 6, "fields": {"order": 18, "payment": 4, "user": 39, "product": 1, "quantity": 1, "product_price": 189.0, "ordered": true, "created_at": "2022-04-21T11:10:48.726Z", "updated_at": "2022-04-21T11:10:48.745Z", "variations": [20, 22]}}, {"model": "order.orderproduct", "pk": 7, "fields": {"order": 19, "payment": 5, "user": 39, "product": 1, "quantity": 1, "product_price": 189.0, "ordered": true, "created_at": "2022-04-21T11:15:28.396Z", "updated_at": "2022-04-21T11:15:28.414Z", "variations": [19, 21]}}, {"model": "order.orderproduct", "pk": 8, "fields": {"order": 20, "payment": 6, "user": 39, "product": 1, "quantity": 1, "product_price": 189.0, "ordered": true, "created_at": "2022-04-21T11:17:24.645Z", "updated_at": "2022-04-21T11:17:24.668Z", "variations": [19, 22]}}]